{
  "train_loss": [
    0.3955927900969982,
    0.12081012651324272,
    0.05811890456825495,
    0.029733481630682946,
    0.02159413790795952,
    0.015051098680123687
  ],
  "val_loss": [
    0.412044620513916,
    0.0502740528434515,
    0.02412648741155863,
    0.014383085444569588,
    0.009573510754853487,
    0.0058928948361426595
  ],
  "train_acc": [
    0.890625,
    1.0,
    1.0,
    1.0,
    1.0,
    1.0
  ],
  "val_acc": [
    1.0,
    1.0,
    1.0,
    1.0,
    1.0,
    1.0
  ],
  "train_precision": [
    0.9,
    1.0,
    1.0,
    1.0,
    1.0,
    1.0
  ],
  "val_precision": [
    1.0,
    1.0,
    1.0,
    1.0,
    1.0,
    1.0
  ],
  "train_recall": [
    0.8742038216560509,
    1.0,
    1.0,
    1.0,
    1.0,
    1.0
  ],
  "val_recall": [
    1.0,
    1.0,
    1.0,
    1.0,
    1.0,
    1.0
  ]
}